Company Name,MMYY,Research & development expenses,MMYY,"Current assets (incl. short term investments, loans & advances)",Current liabilities,Return on total assets,Return on net worth,Return on capital employed,Current ratio (times),Quick ratio (times),Debt to equity ratio (times),Closing Price ,Market Capitalisation,Total Returns,EPS ,Size
Aarti Drugs Ltd.,Mar-11,46.3,Mar-14,5067.5,4426.4,8.37,27.43,11.12,1.08,0.71,1.43,263.4,3189.39,-0.02,48.18,8.067584955
Aarti Drugs Ltd.,Mar-12,52.1,Mar-15,5067.42,4644.03,6.21,19.2,8.08,1.07,0.68,1.33,651.75,15783.49,-0.65,31.41,9.666719736
Aarti Drugs Ltd.,Mar-13,59.1,Mar-16,5294.8,4491.8,6.57,19.35,8.63,1.08,0.63,1.17,454.5,11006.67,0.13,25.92,9.306256732
Aarti Drugs Ltd.,Mar-14,30.4,Mar-17,6971.6,5892.4,6.03,17.9,8.19,1.1,0.65,1.2,575.55,13730.95,0.17,29.89,9.527407688
Aarti Drugs Ltd.,Mar-15,30.397,Mar-18,7354.1,5477.7,6.11,17.32,8.47,1.27,0.82,0.91,506.65,11947.87,-1.31,29.77,9.388308299
Aarti Drugs Ltd.,Mar-16,38,Mar-19,7354.1,5477.7,6.11,17.32,8.47,1.27,0.82,0.91,640.45,15103.16,-0.87,35.77,9.622659272
Abbott India Ltd.,Mar-10,16.9,Mar-13,13544.7,1901.2,10.54,25.48,25.48,2.02,1.44,0,1348.6,28656.81,1.32,54.32,10.263146390
Abbott India Ltd.,Mar-11,12.2,Mar-14,16761.1,2529,10.77,25.84,25.84,1.97,1.49,0,1752.75,37244.71,2.45,68.81,10.525265200
Abbott India Ltd.,Mar-12,13.2,Mar-15,14626.9,3943.3,13.13,23.83,23.83,3.69,2.71,0,3948.4,83900.74,0.46,104.9,11.337389712
Abbott India Ltd.,Mar-13,16.2,Mar-16,19047.9,6434.1,14.67,21.17,21.17,2.9,2.1,0,4707.5,100031.09,-0.9,119.63,11.513236317
Abbott India Ltd.,Mar-14,11.7,Mar-17,22768.6,6794.6,17.55,25.82,25.81,2.97,2.04,0,4638.85,98572.32,1.74,128.62,11.498545771
Abbott India Ltd.,Mar-15,7.1,Mar-18,27721.8,8680.8,16.08,23.52,23.51,3.11,2.4,0,5449.1,115789.57,1.61,158.74,11.659529771
Abbott India Ltd.,Mar-16,7.6,Mar-19,27721.8,8680.8,16.08,23.52,23.51,3.11,2.4,0,7296.85,155052.97,0.18,204.03,11.951522079
Ajanta Pharma Ltd.,Mar-10,248.8,Mar-13,4536.5,2212.5,28.89,50.37,39.26,1.61,1.02,0.24,643.4,15066.5,-0.82,41.61,9.620229015
Ajanta Pharma Ltd.,Mar-11,374.1,Mar-14,5730.3,1805.3,31.91,47.47,41.24,2.21,1.54,0.09,1001.4,35199.91,0.19,63.95,10.468798805
Ajanta Pharma Ltd.,Mar-12,373.1,Mar-15,7100,2531.3,33.82,44.4,41.17,2.65,1.89,0.07,1225.45,107770.36,0.52,35.69,11.587757946
Ajanta Pharma Ltd.,Mar-13,499.3,Mar-16,7799.7,2171.4,31.52,38.23,37.03,3.42,2.56,0,1410.5,124125.76,3.14,48.39,11.729050524
Ajanta Pharma Ltd.,Mar-14,700.7,Mar-17,11008.1,3059.9,20.79,24.72,24.66,3.38,2.3,0,1760.3,154915.2,0.22,57.25,11.950633149
Ajanta Pharma Ltd.,Mar-15,1064.7,Mar-18,11741.7,4324.7,15.32,19.24,19.15,2.59,1.6,0.01,1405.8,123730.78,-1.12,52.37,11.725863355
Ajanta Pharma Ltd.,Mar-16,1503.3,Mar-19,15670.4,6305.7,14.51,19.38,19.19,2.48,1.75,0.06,1030.4,89906.28,0.8,48.82,11.406523073
Albert David Ltd.,Mar-10,5.8,Mar-13,1083.2,745.7,5.91,14.68,10.01,1.16,0.63,0.47,90.15,514.5,-0.11,13.44,6.243195555
Albert David Ltd.,Mar-11,13,Mar-14,1579.9,713,5.76,14.34,10.28,1.17,0.75,0.33,116,662.03,0.35,22.04,6.495310872
Albert David Ltd.,Mar-12,24.7,Mar-15,1934.5,44.8,4.7,10.62,8.71,1.48,1.11,0.15,274.9,1568.9,3.42,23.01,7.358130016
Albert David Ltd.,Mar-13,43.4,Mar-16,2347.9,1589.3,4.85,9.73,8.41,1.35,1.02,0.16,298.8,1705.3,-4.75,21.38,7.441496327
Albert David Ltd.,Mar-14,32.6,Mar-17,2428,1603.4,2.8,5.51,4.76,1.37,1.09,0.15,318.65,1818.59,0.17,27.25,7.505816755
Albert David Ltd.,Mar-15,32.5,Mar-18,2635.2,1463.6,4.64,8.81,8.23,1.67,1.37,0,364.45,2079.98,-2.03,18.66,7.640113557
Albert David Ltd.,Mar-16,26.2,Mar-19,2635.2,1463.6,4.64,8.81,8.23,1.67,1.37,0,394,2248.62,-1.51,44.37,7.718071974
Alembic Pharmaceuticals Ltd.,Mar-10,471.3,Mar-13,8312.9,3679.5,19.24,43.23,33.99,1.4,0.72,0.17,104.15,19633.93,0.24,7.01,9.885014471
Alembic Pharmaceuticals Ltd.,Mar-11,585.8,Mar-14,8471.7,5105.6,19.75,38.78,32.13,1.39,0.57,0.23,283.85,53510.24,1.18,12.49,10.887628316
Alembic Pharmaceuticals Ltd.,Mar-12,743,Mar-15,13332.1,5755.8,36.93,58.54,53.6,2.31,1.17,0.02,453.25,85444.84,0.99,15.05,11.355626301
Alembic Pharmaceuticals Ltd.,Mar-13,1164.3,Mar-16,12306.2,5486.4,17.94,25.23,24.99,2.01,0.89,0,600.6,113222.66,-0.65,36.71,11.637111601
Alembic Pharmaceuticals Ltd.,Mar-14,1090.3,Mar-17,16776.3,9001.4,13.12,20.4,17.66,1.53,0.73,0.28,623.65,117567.95,2.4,22.74,11.674771743
Alembic Pharmaceuticals Ltd.,Mar-15,2256.7,Mar-18,18381.5,12428.8,14.39,24.63,18.34,1.32,0.56,0.39,549.8,103646.05,1.38,17.77,11.548737008
Alembic Pharmaceuticals Ltd.,Mar-16,4279.1,Mar-19,21535.9,14557.2,18.34,32.22,21.96,1.33,0.57,0.53,530.55,100017.12,2.02,33.96,11.513096650
Aurobindo Pharma Ltd.,Mar-10,1394,Mar-13,50915.3,32111,14.77,33.17,18.22,1.51,0.97,0.73,145.9,42487.73,11.67,19.59,10.656970607
Aurobindo Pharma Ltd.,Mar-11,1593,Mar-14,63808.8,38601.7,16.07,32.38,19.48,1.59,1.02,0.61,510.85,148890.82,-0.3,39.56,11.910968565
Aurobindo Pharma Ltd.,Mar-12,2085.1,Mar-15,78192,53883.9,14.05,26.62,16.54,1.4,0.93,0.61,1220.2,356276.77,-0.29,51.97,12.783463152
Aurobindo Pharma Ltd.,Mar-13,2550.5,Mar-16,69388.5,44824.7,13.12,22.27,15.13,1.47,0.89,0.36,745,435951.34,0.44,27.81,12.985285911
Aurobindo Pharma Ltd.,Mar-14,3182.4,Mar-17,90097.4,57827.2,12.44,19.8,14.48,1.47,0.86,0.37,675.15,395558.51,0.12,29.08,12.888053995
Aurobindo Pharma Ltd.,Mar-15,4119,Mar-18,104531.1,67812.3,8.77,14.35,10.35,1.44,0.83,0.4,557.25,326497.02,-0.47,33.4,12.696176101
Aurobindo Pharma Ltd.,Mar-16,4963.3,Mar-19,104531.1,67812.3,8.77,14.35,10.35,1.44,0.83,0.4,786,460529.67,2.06,23.7,13.040132563
Biocon Ltd.,Mar-10,1063,Mar-13,14711,4399,10.4,14.05,13.33,2.43,1.81,0.05,274.6,54920,1.37,13.27,10.913632860
Biocon Ltd.,Mar-11,1017,Mar-14,17444,4172,11.01,14.48,13.91,3.09,2.33,0.03,424.05,84810,0.84,16.22,11.348168739
Biocon Ltd.,Mar-12,714,Mar-15,23753,8668,6.94,8.5,8.05,3.1,2.43,0.07,469.5,93900,7.87,18.06,11.449985665
Biocon Ltd.,Mar-13,705,Mar-16,23843,7110,7.07,8.29,7.92,3.83,2.93,0.03,482.1,96420,0.31,18.22,11.476468928
Biocon Ltd.,Mar-14,1011,Mar-17,20650,8389,3.07,3.55,3.46,2.73,1.96,0.02,1133.5,226700,-0.48,25.97,12.331382836
Biocon Ltd.,Mar-15,1480,Mar-18,25202,10021,2.23,2.59,2.55,2.66,1.72,0.02,594.2,356520,-1.42,6.17,12.784145618
Biocon Ltd.,Mar-16,1461,Mar-19,20871,7314,3.31,3.76,3.73,2.73,1.94,0,611,366600,0.75,5.45,12.812026614
Bliss G V S Pharma Ltd.,Mar-10,,Mar-13,4163,1106.5,10.52,19.55,15.21,1.63,1.51,0.28,26.7,2754.02,0.75,5.92,7.920816941
Bliss G V S Pharma Ltd.,Mar-11,,Mar-14,4158.3,1179.7,9.92,17.8,14.14,1.77,1.42,0.24,44.5,4590.03,-0.34,5.38,8.431641839
Bliss G V S Pharma Ltd.,Mar-12,5.4,Mar-15,3524.8,1480.5,10.55,15.9,13.09,2.48,2.13,0.19,129,13305.92,0,5.86,9.495964328
Bliss G V S Pharma Ltd.,Mar-13,18.5,Mar-16,5547.7,1518.2,9.65,13.09,11.19,2.49,1.82,0.15,126.8,13079,-1.93,6.15,9.478763169
Bliss G V S Pharma Ltd.,Mar-14,26,Mar-17,5771.9,1377.5,8.37,11.05,9.49,3.07,2.42,0.17,176.4,18195.07,-0.2,5.86,9.808905957
Bliss G V S Pharma Ltd.,Mar-15,37.85,Mar-18,5802.7,943.4,10.83,13.58,11.86,5.46,4.72,0.12,195.35,20149.7,-2.15,4.53,9.910944679
Bliss G V S Pharma Ltd.,Mar-16,36.8,Mar-19,5802.7,943.4,10.83,13.58,11.86,5.46,4.72,0.12,179.95,18561.24,1.07,8.69,9.828830814
Cadila Healthcare Ltd.,Mar-10,2543,Mar-13,21545,12373,14.38,27.06,17.86,1.17,0.74,0.44,741.35,151790.32,1.42,20.11,11.930255374
Cadila Healthcare Ltd.,Mar-11,3584,Mar-14,29336,15884,17.83,31.1,22.66,1.23,0.85,0.32,1026.4,210153.88,2.27,43.23,12.255595303
Cadila Healthcare Ltd.,Mar-12,4427,Mar-15,36773,26541,23.41,37.8,30.29,1.3,1.03,0.2,1739.3,356119.1,2.27,61.93,12.783020504
Cadila Healthcare Ltd.,Mar-13,4358,Mar-16,21569,30314,6.12,10.31,7.79,0.65,0.33,0.45,316.95,324475.22,-0.81,19.91,12.689964449
Cadila Healthcare Ltd.,Mar-14,5240,Mar-17,38751,31084,8.66,15.3,10.87,1.13,0.68,0.37,443.25,453773.91,-1.64,6.47,13.025354357
Cadila Healthcare Ltd.,Mar-15,6533,Mar-18,44778,29500,11.38,19.33,14.22,1.39,0.89,0.35,378.65,387640.14,-0.81,12.89,12.867832714
Cadila Healthcare Ltd.,Mar-16,6441,Mar-19,44778,29500,11.38,19.33,14.22,1.39,0.89,0.35,346.6,354829.19,3.23,14.76,12.779391798
Caplin Point Laboratories Ltd.,Mar-10,0,Mar-13,447.2,932.3,17.39,51.95,48.1,0.38,0.24,0.06,61.9,935.31,4.92,9.25,6.840878025
Caplin Point Laboratories Ltd.,Mar-11,5.8,Mar-14,771.1,1094.6,20.57,54.09,52.22,0.57,0.36,0.02,193,2916.23,4.75,13.47,7.978046965
Caplin Point Laboratories Ltd.,Mar-12,6.6,Mar-15,770.9,1191.8,18.88,42.18,41.4,0.87,0.66,0.02,1023.5,15465.08,6.37,22.75,9.646339858
Caplin Point Laboratories Ltd.,Mar-13,20.8,Mar-16,1367.3,970.6,24.4,43.31,42.95,1.27,0.89,0,1011.25,15279.99,0.37,38.27,9.634299408
Caplin Point Laboratories Ltd.,Mar-14,58.8,Mar-17,2132.1,873.1,28.11,41.28,41.17,2.3,1.9,0,388.1,29331.34,0.47,9.3,10.286411848
Caplin Point Laboratories Ltd.,Mar-15,75,Mar-18,2879.7,825,31.19,40.72,40.66,3.32,2.98,0,573,43320.81,-0.56,13.56,10.676388399
Caplin Point Laboratories Ltd.,Mar-16,140.9,Mar-19,2879.7,825,31.19,40.72,40.66,3.32,2.98,0,402.35,30429.83,0.14,17.11,10.323178656
Cipla Ltd.,Mar-10,2597.9,Mar-13,51557.6,21726.7,10.33,14.45,13.12,1.99,0.88,0.09,379.75,304909.39,0.01,19.51,12.627769929
Cipla Ltd.,Mar-11,3064.3,Mar-14,66226.3,32346.4,7.56,11.11,10,1.75,0.77,0.13,383.7,308080.92,-0.84,17.04,12.638117755
Cipla Ltd.,Mar-12,3638.2,Mar-15,65647.7,30518.7,8.81,12.44,11.2,2,0.91,0.09,711.2,571065.46,1.24,14.64,13.255259123
Cipla Ltd.,Mar-13,5119.3,Mar-16,64782.9,26887.8,7.88,10.17,9.6,2.26,1.13,0.03,512.2,411493.43,0.02,17.86,12.927548333
Cipla Ltd.,Mar-14,7140.4,Mar-17,80875,28810.3,8.92,11.27,11.06,2.65,1.45,0.01,592.3,476511.32,-0.9,15.66,13.074246758
Cipla Ltd.,Mar-15,7926,Mar-18,95735.6,24629.9,9.99,12.27,12.2,3.73,2.42,0,543.25,437380.99,0.05,19.31,12.988559925
Cipla Ltd.,Mar-16,9114.3,Mar-19,95735.6,24629.9,9.99,12.27,12.2,3.73,2.42,0,529.3,426457.68,0.66,18.95,12.963268415
Divi'S Laboratories Ltd.,Mar-10,159.8,Mar-13,22794,3115.7,20.03,28.32,28.06,3.59,2.1,0.01,983.7,130570.72,-1.4,48.43,11.779670275
Divi'S Laboratories Ltd.,Mar-11,188.6,Mar-14,27959.9,4521.9,17.8,25.64,25.47,3.53,2.04,0.01,1369,181713.24,0.59,59.61,12.110185119
Divi'S Laboratories Ltd.,Mar-12,240,Mar-15,30584.4,5164.5,21.69,28.01,27.77,5.74,3.44,0.01,1790.15,237614.29,-0.85,63.71,12.378404008
Divi'S Laboratories Ltd.,Mar-13,253.9,Mar-16,40403.8,6570.7,16.72,21.51,21.34,6.02,4.05,0.01,985.05,261499.82,0.33,41.78,12.474188874
Divi'S Laboratories Ltd.,Mar-14,276.6,Mar-17,45556.9,6422.7,11,15.39,15.26,6.78,4.72,0.01,624.15,165692.21,-0.05,39.57,12.017887190
Divi'S Laboratories Ltd.,Mar-15,309.2,Mar-18,46484.3,8334.6,15.47,20.57,20.31,5.3,3.23,0.02,1089.5,289228.02,0.19,32.57,12.574970653
Divi'S Laboratories Ltd.,Mar-16,431.2,Mar-19,46484.3,8334.6,15.47,20.57,20.31,5.3,3.23,0.02,1703.2,452146.09,3.05,49.36,13.021760615
Dr. Reddy'S Laboratories Ltd.,Mar-10,5457,Mar-13,89296,36347,12.39,22.11,17.29,1.99,1.58,0.29,1766.3,299982.17,0.68,65.71,12.611478319
Dr. Reddy'S Laboratories Ltd.,Mar-11,6221,Mar-14,104338,41391,9.41,16.95,13.13,2.07,1.68,0.29,2560.8,435614.79,-2.15,111.21,12.984513623
Dr. Reddy'S Laboratories Ltd.,Mar-12,6947,Mar-15,102111,43888,7.52,12.17,9.56,2.17,1.71,0.26,3487.45,594195.83,1.78,99.27,13.294964224
Dr. Reddy'S Laboratories Ltd.,Mar-13,9982,Mar-16,86009,42651,8.1,11.75,9.56,1.86,1.41,0.2,3034.9,517777.17,0.72,81.02,13.157300255
Dr. Reddy'S Laboratories Ltd.,Mar-14,11230,Mar-17,91840,47300,3.32,4.85,4,1.76,1.34,0.22,2632.5,436315.06,0.4,83.96,12.986119876
Dr. Reddy'S Laboratories Ltd.,Mar-15,12738,Mar-18,89893,31354,7.09,9.82,8.54,2.74,2.05,0.08,2082.45,345501.17,-0.94,37.42,12.752751309
Dr. Reddy'S Laboratories Ltd.,Mar-16,13654,Mar-19,101617,42355,16.26,21.17,19.42,2.29,1.74,0.1,2774.15,460691.85,2.11,75.38,13.040484660
F D C Ltd.,Mar-10,146.1,Mar-13,4503.5,1213.7,15.16,19.07,19.04,2.18,1.64,0,92.15,16663.76,0.27,7.94,9.720991581
F D C Ltd.,Mar-11,159.9,Mar-14,4983.5,1225.5,13.17,16.46,16.44,2.59,1.92,0,125.95,22398.08,-1.14,8.68,10.016730520
F D C Ltd.,Mar-12,208.2,Mar-15,5206.7,1627.5,13.89,16.69,16.67,3.09,2.25,0,151.65,26968.39,0.23,8.18,10.202420718
F D C Ltd.,Mar-13,198.7,Mar-16,9144.7,3887.8,12.09,16.24,16.21,2.31,1.94,0,185.25,32943.58,4.66,9.41,10.402551680
F D C Ltd.,Mar-14,206.1,Mar-17,9781.2,4774.1,8.74,13.28,13.24,1.96,1.61,0,204.1,36295.73,0.34,10.68,10.499455382
F D C Ltd.,Mar-15,271.6,Mar-18,10527.1,5004.7,8.49,13.01,12.99,2.03,1.67,0,251.75,43905.99,-0.65,10.49,10.689806036
F D C Ltd.,Mar-16,254.3,Mar-19,10527.1,5004.7,8.49,13.01,12.99,2.03,1.67,0,167.5,29212.52,1.12,9.68,10.282352663
Glaxosmithkline Pharmaceuticals Ltd.,Mar-10,44.3,Mar-13,26119.6,3642.3,7.62,22.7,22.65,2.94,2.49,0,2189.25,185436.08,0.81,71.22,12.130465519
Glaxosmithkline Pharmaceuticals Ltd.,Mar-11,38.3,Mar-14,28283.7,4374.4,8.13,26.55,26.5,2.06,1.71,0,2573.7,218000.15,-0.59,45.23,12.292251030
Glaxosmithkline Pharmaceuticals Ltd.,Mar-12,24,Mar-15,23655.9,7925.9,5.71,18.34,18.31,2.94,2.21,0,3402.65,288214.72,3.35,48.5,12.571461037
Glaxosmithkline Pharmaceuticals Ltd.,Mar-13,26.3,Mar-16,18257.2,8933.2,4.4,13.74,13.73,1.97,1.44,0,3800.65,321926.52,1.7,43.91,12.682078600
Glaxosmithkline Pharmaceuticals Ltd.,Mar-14,21.9,Mar-17,35278.7,29608.7,4.68,16.43,16.42,1.15,0.97,0,2735.2,231679.69,0.46,34.33,12.353111050
Glaxosmithkline Pharmaceuticals Ltd.,Mar-15,20,Mar-18,33562.1,28158.9,4.94,18.28,18.28,1.16,0.98,0,2085.4,176639.67,-2.2,37.22,12.081867174
Glaxosmithkline Pharmaceuticals Ltd.,Mar-16,19,Mar-19,31198.4,23674.3,4.45,17.01,16.83,1.3,1.09,0.02,1299.85,220202.43,0.33,23.79,12.302302539
Glenmark Pharmaceuticals Ltd.,Mar-10,569.2,Mar-13,17118.5,11396.4,10.18,15.99,13.64,1.26,1.02,0.12,462.55,125283.36,-1.93,16.48,11.738333331
Glenmark Pharmaceuticals Ltd.,Mar-11,759.6,Mar-14,38657.7,22931,17.81,30,27.34,1.41,1.04,0.08,565.9,153485.47,3.04,16,11.941361184
Glenmark Pharmaceuticals Ltd.,Mar-12,929.4,Mar-15,52883,34027.2,14.66,24.11,21.98,1.53,1.17,0.11,786,213237.52,0.23,43.45,12.270161941
Glenmark Pharmaceuticals Ltd.,Mar-13,1213.6,Mar-16,70969.6,31183,16.99,28.31,23.35,2.31,1.84,0.29,794.3,224118.22,2.29,52.63,12.319928959
Glenmark Pharmaceuticals Ltd.,Mar-14,2773.1,Mar-17,60990.6,24085.9,5.38,8.76,6.79,2.58,1.95,0.29,857.75,242029.74,-0.72,84.28,12.396815890
Glenmark Pharmaceuticals Ltd.,Mar-15,4349.7,Mar-18,53944.6,25339.4,6.8,10.24,8.04,2.17,1.66,0.26,527.15,148744.94,-1.97,49.09,11.909988306
Glenmark Pharmaceuticals Ltd.,Mar-16,4623.4,Mar-19,53944.6,25339.4,6.8,10.24,8.04,2.17,1.66,0.26,645.55,182153.65,-0.69,37.96,12.112605841
Granules India Ltd.,Mar-10,13.8,Mar-13,3298.4,2401.6,10.88,26.3,13.79,1.15,0.67,0.95,94.75,1906.95,3.05,16.82,7.553260386
Granules India Ltd.,Mar-11,40.5,Mar-14,4730.6,3679.5,9.77,25.08,12.78,1.2,0.73,0.97,255.7,5185.89,1.97,39.35,8.553696755
Granules India Ltd.,Mar-12,65.7,Mar-15,8200.9,6504.7,9.03,22.25,11.3,1.18,0.85,0.97,84.95,17351.17,0.65,4.69,9.761415218
Granules India Ltd.,Mar-13,82.6,Mar-16,8357.1,7773,8.28,18.35,9.98,0.96,0.65,0.74,119.95,25994.58,0.21,5.58,10.165643334
Granules India Ltd.,Mar-14,84,Mar-17,11816.2,8600.7,6.16,12.88,7.33,1.21,0.92,0.77,138.55,31686.77,-0.47,6.21,10.363654523
Granules India Ltd.,Mar-15,153.1,Mar-18,12246.7,8585.9,5.89,12,6.94,1.33,0.93,0.7,103.5,26272.19,-2.04,5.62,10.176266244
Granules India Ltd.,Mar-16,249.8,Mar-19,13874.9,8699.1,9.37,17.51,11.07,1.52,1.09,0.49,114.3,29060.5,-1.89,6.09,10.277135143
Gufic Biosciences Ltd.,Mar-10,,Mar-13,693,578.3,4.1,17.03,7.06,0.99,0.54,1.28,6.37,492.72,0.63,0.38,6.199941061
Gufic Biosciences Ltd.,Mar-11,,Mar-14,914.9,804.4,3.46,15.56,6.93,0.94,0.49,1.21,5.14,397.58,0.59,0.54,5.985396172
Gufic Biosciences Ltd.,Mar-12,,Mar-15,917.48,836,5.06,23.32,10.41,1.1,0.59,1.26,12.92,999.36,10.71,0.54,6.907115074
Gufic Biosciences Ltd.,Mar-13,,Mar-16,1464.1,1313,5.75,27.18,11.35,1.12,0.48,1.52,41.9,3240.96,-0.48,0.92,8.083624861
Gufic Biosciences Ltd.,Mar-14,2.6,Mar-17,2049.3,1752.6,7.06,33.29,13.36,1.17,0.56,1.47,66.35,5132.17,2,1.25,8.543283851
Gufic Biosciences Ltd.,Mar-15,2.6,Mar-18,2371.2,1909.6,7.59,31.33,13.21,1.19,0.62,1.3,108.25,8373.14,-3.39,1.96,9.032784242
Gufic Biosciences Ltd.,Mar-16,15.3,Mar-19,2371.2,1909.6,7.59,31.33,13.21,1.19,0.62,1.3,76.05,5918.97,-3.98,2.21,8.685917726
Hester Biosciences Ltd.,Mar-10,6.9,Mar-13,533.1,379.2,9.83,16.66,11.77,1.26,0.35,0.47,124,1054.84,3.77,8.97,6.961144376
Hester Biosciences Ltd.,Mar-11,11.3,Mar-14,527.7,309.2,8.35,14.04,9.59,1.49,0.62,0.46,88.75,754.98,0.85,14.08,6.626691259
Hester Biosciences Ltd.,Mar-12,5.9,Mar-15,527,348,12.61,20.45,14.4,1.78,0.83,0.39,468.2,3982.88,8.18,13.22,8.289760455
Hester Biosciences Ltd.,Mar-13,21.2,Mar-16,748.2,339.8,14.56,22.42,16.59,2.19,1.12,0.32,499.4,4248.33,2.11,22.18,8.354281244
Hester Biosciences Ltd.,Mar-14,32,Mar-17,891.3,424.2,14.96,22.11,16.93,2.02,1.04,0.29,763.05,6491.16,0.52,29.31,8.778196530
Hester Biosciences Ltd.,Mar-15,27.2,Mar-18,1004.2,393,19.39,26.97,21.6,2.4,1.02,0.21,1603.9,13644.16,0.74,33.67,9.521066870
Hester Biosciences Ltd.,Mar-16,28.3,Mar-19,1004.2,393,19.39,26.97,21.6,2.4,1.02,0.21,1545.3,13145.66,-2.18,46.53,9.483846945
Hikal Ltd.,Mar-10,96.2,Mar-13,4968.3,4468.3,5.6,17.31,6.87,0.99,0.32,1.37,400.45,6583.44,2.94,18.93,8.792312684
Hikal Ltd.,Mar-11,128.3,Mar-14,5183.2,4996.5,3.4,9.81,4.22,0.94,0.34,1.28,470.45,7734.25,-0.52,39.08,8.953413796
Hikal Ltd.,Mar-12,299.6,Mar-15,5008,5178,3.41,9.32,4.26,1.14,0.39,1.1,138.8,11409.43,4.2,4.93,9.342195485
Hikal Ltd.,Mar-13,299.6,Mar-16,6126.1,4761.4,5.6,14.1,6.93,1.21,0.63,0.99,117.2,9633.9,-2.09,5.03,9.173043407
Hikal Ltd.,Mar-14,336.8,Mar-17,7515,6216.1,4.89,11.98,6.09,1.1,0.59,0.95,212.75,17488.16,-1.41,9.13,9.769279360
Hikal Ltd.,Mar-15,340,Mar-18,8900.7,6626.2,5.95,14.46,7.58,1.26,0.65,0.87,205.45,16888.09,-0.41,10.37,9.734363919
Hikal Ltd.,Mar-16,344.3,Mar-19,8900.7,6626.2,5.95,14.46,7.58,1.26,0.65,0.87,174.95,21571.47,1.83,7.64,9.979126887
I O L Chemicals & Pharmaceuticals Ltd.,Mar-10,,Mar-13,2812.7,2758.9,0.42,1.87,0.59,0.88,0.18,1.99,24.85,649.86,1.43,1.25,6.476756955
I O L Chemicals & Pharmaceuticals Ltd.,Mar-11,,Mar-14,2837.6,2084.9,-8.56,-33.61,-11.35,1.19,0.17,1.93,19.3,556.13,-3.26,1.16,6.321002080
I O L Chemicals & Pharmaceuticals Ltd.,Mar-12,,Mar-15,2834,2085,-4.76,-19.4,-6.11,1.12,0.32,2.44,28.7,1367.71,0.17,-13.98,7.220893087
I O L Chemicals & Pharmaceuticals Ltd.,Mar-13,,Mar-16,4149.3,3279.4,0.71,3.27,0.96,1.21,0.4,2.38,76.55,4302.53,0.53,-6.77,8.366958501
I O L Chemicals & Pharmaceuticals Ltd.,Mar-14,14.1,Mar-17,4312.5,3512.4,3.04,13.75,4.35,1.15,0.49,1.97,63.15,3549.38,0.72,1.08,8.174528219
I O L Chemicals & Pharmaceuticals Ltd.,Mar-15,43,Mar-18,5557.5,3245.8,23.65,68.73,33.9,1.63,0.92,0.6,79.5,4468.34,-0.93,3.49,8.404772254
I O L Chemicals & Pharmaceuticals Ltd.,Mar-16,48.3,Mar-19,5557.5,3245.8,23.65,68.73,33.9,1.63,0.92,0.6,190.3,10695.91,-1.22,26.07,9.277616704
Indoco Remedies Ltd.,Mar-10,93.4,Mar-13,3030,1796.2,8.27,13.56,10.94,1.3,0.75,0.2,57.85,5330.9,-2.03,4.6,8.581275358
Indoco Remedies Ltd.,Mar-11,108,Mar-14,3858.1,2325.6,10.38,16.89,14.2,1.25,0.66,0.18,141.25,13016.24,5.33,6.41,9.473953088
Indoco Remedies Ltd.,Mar-12,129,Mar-15,4652,3054.9,8.74,14.64,12.07,1.3,0.74,0.24,363.1,33459.79,0.14,8.94,10.418099698
Indoco Remedies Ltd.,Mar-13,144.3,Mar-16,5745.4,3947.3,6.79,12.32,9.19,1.25,0.75,0.43,287.9,26530.09,2.8,8.7,10.186034840
Indoco Remedies Ltd.,Mar-14,216.7,Mar-17,5411.1,4208.4,3.1,5.92,4.16,1.02,0.53,0.42,249.95,23032.98,-1.21,8.21,10.044682381
Indoco Remedies Ltd.,Mar-15,431.8,Mar-18,5459.5,4548,-0.29,-0.56,-0.39,0.96,0.53,0.45,210.75,19420.69,-13.31,4,9.874094272
Indoco Remedies Ltd.,Mar-16,517.2,Mar-19,5459.5,4548,-0.29,-0.56,-0.39,0.96,0.53,0.45,202.7,18678.88,8.6,0.45,9.835148753
Ipca Laboratories Ltd.,Mar-10,642.6,Mar-13,15827.4,7248.3,16.05,26.83,20.01,2.01,0.88,0.3,526.6,66456.45,3.3,26.32,11.104302125
Ipca Laboratories Ltd.,Mar-11,663.4,Mar-14,15932.9,8584.7,7.19,12.04,8.85,1.76,0.72,0.42,844.8,106613.01,1.12,37.75,11.576960828
Ipca Laboratories Ltd.,Mar-12,887.1,Mar-15,16005,9606.1,2.31,3.96,2.83,1.52,0.64,0.38,638.55,80584.44,-1.78,20.11,11.297060858
Ipca Laboratories Ltd.,Mar-13,1243.7,Mar-16,17122.3,9469.2,4.7,7.84,5.89,1.63,0.7,0.29,579.75,73163.93,-1.72,7.08,11.200457819
Ipca Laboratories Ltd.,Mar-14,1200,Mar-17,19089.5,9944.3,5.61,8.92,7.08,1.71,0.83,0.23,623.35,78666.21,2.56,14.78,11.272968990
Ipca Laboratories Ltd.,Mar-15,1359.8,Mar-18,22861.4,10144.3,10.27,15.37,12.99,2.07,1.01,0.14,654.9,82647.8,-1.33,17.79,11.322343485
Ipca Laboratories Ltd.,Mar-16,1772.5,Mar-19,22861.4,10144.3,10.27,15.37,12.99,2.07,1.01,0.14,982.6,124153.58,2.41,30.8,11.729274627
J B Chemicals & Pharmaceuticals Ltd.,Mar-10,103.6,Mar-13,9730.5,2269.7,8.26,10.59,9.92,3.7,2.97,0.09,73.55,6230.22,2.8,10.32,8.737166924
J B Chemicals & Pharmaceuticals Ltd.,Mar-11,152.5,Mar-14,8443.7,2496.4,8.05,10.99,10.05,2.12,1.59,0.1,128.35,10875.3,2.84,12.86,9.294249442
J B Chemicals & Pharmaceuticals Ltd.,Mar-12,149,Mar-15,11174,7402,10.27,16,14.23,1.52,1.22,0.14,200.1,16970.13,0.33,13.38,9.739210019
J B Chemicals & Pharmaceuticals Ltd.,Mar-13,177.9,Mar-16,11578.2,6695.4,8.08,12.9,11.88,1.64,1.39,0.04,249.4,21154.1,-0.8,21.12,9.959589019
J B Chemicals & Pharmaceuticals Ltd.,Mar-14,194,Mar-17,14503,7152.2,5.54,8.55,8.32,1.93,1.66,0.02,347,29432.53,0.57,19.86,10.289855804
J B Chemicals & Pharmaceuticals Ltd.,Mar-15,221.5,Mar-18,15239,7658.2,7.86,12.26,12.04,1.93,1.64,0.02,309.2,25839.84,1.39,17.18,10.159672766
J B Chemicals & Pharmaceuticals Ltd.,Mar-16,260.7,Mar-19,15239,7658.2,7.86,12.26,12.04,1.93,1.64,0.02,359.6,28853.1,1.34,19.37,10.269972719
Jubilant Life Sciences Ltd.,Mar-10,764.9,Mar-13,19523.8,31646.4,0.15,0.56,0.2,0.46,0.22,1.91,169.75,27037.97,2.72,-2.61,10.204997453
Jubilant Life Sciences Ltd.,Mar-11,951.5,Mar-14,16557.4,12360.3,3.02,9.95,3.95,1.14,0.37,1.17,158.9,25309.77,-2.16,0.63,10.138945766
Jubilant Life Sciences Ltd.,Mar-12,447,Mar-15,10686.5,11562.5,1.39,3.46,1.7,0.84,0.34,0.9,152.45,24282.41,-1.23,11.49,10.097507499
Jubilant Life Sciences Ltd.,Mar-13,538.9,Mar-16,11448.9,9112.6,1.79,4.05,2.17,1.13,0.53,0.83,416.35,66316.7,4.64,4.3,11.102197030
Jubilant Life Sciences Ltd.,Mar-14,251.5,Mar-17,13266,12392.1,5.59,12.34,7.14,0.96,0.45,0.63,798.45,127178.03,-0.35,5.15,11.753343195
Jubilant Life Sciences Ltd.,Mar-15,131.2,Mar-18,12819.3,12985,3.07,6.67,3.97,0.83,0.41,0.73,839.8,133764.3,0.85,12.92,11.803834575
Jubilant Life Sciences Ltd.,Mar-16,161.6,Mar-19,12819.3,12985,3.07,6.67,3.97,0.83,0.41,0.73,664.2,105794.53,1.47,14.31,11.569254096
Lincoln Pharmaceuticals Ltd.,Mar-10,20.7,Mar-13,1426,1107.6,5.33,12.27,7.68,1.12,0.84,0.52,24,391.46,-3.61,5.08,5.969883339
Lincoln Pharmaceuticals Ltd.,Mar-11,24.2,Mar-14,1344.8,717.6,6.85,13.57,9.21,1.58,1.16,0.43,41.7,680.16,4.12,7.07,6.522328065
Lincoln Pharmaceuticals Ltd.,Mar-12,30,Mar-15,1306,739,10.1,18.08,12.59,1.33,0.92,0.44,78.4,1278.77,-0.13,8.75,7.153653957
Lincoln Pharmaceuticals Ltd.,Mar-13,31.3,Mar-16,1616.4,840.9,9.85,16.62,12.32,1.76,1.22,0.28,157.2,2564.06,1.81,13.86,7.849347219
Lincoln Pharmaceuticals Ltd.,Mar-14,46,Mar-17,1997.8,1002.8,10.24,16.18,12.74,1.87,1.26,0.26,235.95,4719,-1.77,13.64,8.459352192
Lincoln Pharmaceuticals Ltd.,Mar-15,45.9,Mar-18,2103.8,915.9,12.94,19.43,16.37,2.15,1.71,0.13,210.3,4206,-3.18,14.65,8.344267356
Lincoln Pharmaceuticals Ltd.,Mar-16,62.2,Mar-19,2103.8,915.9,12.94,19.43,16.37,2.15,1.71,0.13,212.55,4251,-1.05,23.5,8.354909528
Lupin Ltd.,Mar-10,4834.2,Mar-13,50804.5,12255.2,29.07,39.33,36.8,3.46,2.46,0.02,629.05,281518.43,1.13,31.05,12.547953195
Lupin Ltd.,Mar-11,5228.3,Mar-14,64738.2,11644.7,23.79,29.71,29.36,3.88,2.78,0.01,935.9,419634.91,-1.19,51.87,12.947140350
Lupin Ltd.,Mar-12,7098.5,Mar-15,72921,19907.2,21.94,26.72,26.17,3.59,2.51,0.03,2007.05,902145.56,0.31,52.9,13.712531161
Lupin Ltd.,Mar-13,9294.1,Mar-16,92729.2,25877.6,18.79,22.87,22.06,3.48,2.58,0.04,1480.25,666975.44,0.39,62.08,13.410508503
Lupin Ltd.,Mar-14,10987.8,Mar-17,87399.4,23587,7.17,8.66,8.49,3.4,2.39,0,1444.8,652438.26,-0.22,67.59,13.388471793
Lupin Ltd.,Mar-15,16037.8,Mar-18,95008,20136.8,7.82,9.2,9.2,4.39,3.13,0,736.4,332913.81,-1.56,33.45,12.715638907
Lupin Ltd.,Mar-16,23101.3,Mar-19,108597.1,25769.9,7.25,8.54,8.5,4.04,2.96,0.01,739.1,334438.09,1.99,35.56,12.720207059
Marksans Pharma Ltd.,Mar-10,,Mar-13,2404.9,1721.6,15.94,45.75,24.7,1.23,0.75,0.7,3.9,1502.7,-0.76,-0.52,7.315018769
Marksans Pharma Ltd.,Mar-11,,Mar-14,3686.5,1279.8,15.95,29.34,21.96,2.19,1.73,0.18,23.95,9228.11,-2.84,1.44,9.130009539
Marksans Pharma Ltd.,Mar-12,0,Mar-15,3658,1682,12.56,17.69,15.34,1.83,1.23,0.13,61.65,25234.19,0.9,1.76,10.135955100
Marksans Pharma Ltd.,Mar-13,197.6,Mar-16,2166.1,1095.9,1.46,1.9,1.63,1.98,1.44,0.2,46.2,18910.29,-0.54,1.63,9.847461497
Marksans Pharma Ltd.,Mar-14,172,Mar-17,2348.2,1135.4,2.15,2.81,2.36,2.02,1.52,0.18,47.15,19299.14,1.29,0.19,9.867815814
Marksans Pharma Ltd.,Mar-15,80,Mar-18,2843.3,1353.6,7.13,9.4,7.94,2.04,1.42,0.19,31.65,12954.78,-2.16,0.08,9.469220111
Marksans Pharma Ltd.,Mar-16,45.3,Mar-19,2843.3,1353.6,7.13,9.4,7.94,2.04,1.42,0.19,24.85,10171.45,0.2,0.99,9.227340055
Morepen Laboratories Ltd.,Mar-10,14.9,Mar-13,920.7,988.5,-1.35,-3.42,-1.65,0.83,0.48,1.03,2.51,1129.06,-1.18,-0.6,7.029140707
Morepen Laboratories Ltd.,Mar-11,15.2,Mar-14,1044.1,1135.9,0.14,0.35,0.17,0.85,0.49,1.04,3.82,1718.34,-1.04,-0.16,7.449113988
Morepen Laboratories Ltd.,Mar-12,4.8,Mar-15,1044.1,1144,3.88,9.98,5.07,0.92,0.59,0.9,11.74,5280.96,-3.22,0.02,8.571863178
Morepen Laboratories Ltd.,Mar-13,3.8,Mar-16,1809.4,3106,4.28,10.72,5.82,0.87,0.48,0.79,26.1,11740.46,-2.61,0.45,9.370796275
Morepen Laboratories Ltd.,Mar-14,3.1,Mar-17,2296.7,3247.5,4.6,11.06,6.61,1.03,0.58,0.57,19,8546.7,-0.78,0.52,9.053300523
Morepen Laboratories Ltd.,Mar-15,3.1,Mar-18,2857.2,3232.2,4.78,11,7.16,1.21,0.66,0.51,30.85,13877.14,-2.53,0.65,9.537998161
Morepen Laboratories Ltd.,Mar-16,4.1,Mar-19,2857.2,3232.2,4.78,11,7.16,1.21,0.66,0.51,17.25,7759.5,-2.27,0.52,8.956673178
Natco Pharma Ltd.,Mar-10,110.5,Mar-13,3383.7,2943.1,9.61,16.97,11.64,1.03,0.43,0.33,429.05,13460.62,1.01,31.1,9.507523665
Natco Pharma Ltd.,Mar-11,224.1,Mar-14,4459.5,3972,12.69,20.3,15.08,1.03,0.5,0.36,797,26359.24,0.36,32.59,10.179574157
Natco Pharma Ltd.,Mar-12,336.2,Mar-15,7909,4785,10.73,15.72,13.18,1.53,0.77,0.08,2110.05,70127.19,0.28,49.22,11.158065872
Natco Pharma Ltd.,Mar-13,372.4,Mar-16,10351,6097,24.56,33.96,30.62,1.53,0.94,0.13,412.05,71768.5,3.22,9.99,11.181200940
Natco Pharma Ltd.,Mar-14,475.2,Mar-17,20542,5638,22.62,28.54,26.38,3.34,2.55,0.06,847,147638.71,2.32,29.52,11.902523420
Natco Pharma Ltd.,Mar-15,552,Mar-18,22674,7098,16.16,19.56,18.06,3.02,2.21,0.11,754.25,139154.15,-1.2,32.38,11.843337590
Natco Pharma Ltd.,Mar-16,910,Mar-19,22674,7098,16.16,19.56,18.06,3.02,2.21,0.11,571.6,104457.89,1.03,45.36,11.556539303
Nectar Lifesciences Ltd.,Mar-10,149,Mar-13,12458.7,11066.1,2.61,6.82,3.47,1.1,0.37,0.93,15.65,3509.68,1.29,3.1,8.163280144
Nectar Lifesciences Ltd.,Mar-11,368.9,Mar-14,13776,11413.8,2.55,6.74,3.43,1.18,0.43,1,24.2,5427.12,-2.02,2.73,8.599163885
Nectar Lifesciences Ltd.,Mar-12,454.44,Mar-15,14731.9,12488,2.16,5.81,2.9,1.15,0.43,1.01,36.9,8275.23,0.54,2.78,9.021021994
Nectar Lifesciences Ltd.,Mar-13,358,Mar-16,14956.6,12786.6,2.09,5.5,2.84,1.15,0.44,0.87,38,8521.92,2.01,2.43,9.050396947
Nectar Lifesciences Ltd.,Mar-14,309,Mar-17,16603.5,13093.3,1.96,5.05,2.68,1.22,0.52,0.9,35.2,7893.99,-0.56,2.4,8.973856989
Nectar Lifesciences Ltd.,Mar-15,309,Mar-18,16675,12992.5,1.74,4.4,2.36,1.25,0.5,0.82,26.45,5931.7,-2.22,2.48,8.688066129
Nectar Lifesciences Ltd.,Mar-16,360,Mar-19,16675,12992.5,1.74,4.4,2.36,1.25,0.5,0.82,17.1,3834.86,0.88,1.51,8.251888207
Neuland Laboratories Ltd.,Mar-10,102.4,Mar-13,2898.8,2991.5,5.73,24.57,8.62,0.86,0.49,1.6,93.85,717.48,2.68,19.41,6.575745073
Neuland Laboratories Ltd.,Mar-11,111.1,Mar-14,3199.8,2907.2,3.17,11.56,4.86,0.92,0.5,1.21,260,1990.48,0.83,35.16,7.596131095
Neuland Laboratories Ltd.,Mar-12,90.3,Mar-15,3151.2,2967.6,5.19,16.03,7.65,1.02,0.49,0.99,333,2958.12,3.45,18.15,7.992309210
Neuland Laboratories Ltd.,Mar-13,108.3,Mar-16,3777.2,2917.3,6.42,12.83,8.46,1.2,0.69,0.35,700,6218.28,-0.14,30.72,8.735248620
Neuland Laboratories Ltd.,Mar-14,106.5,Mar-17,4505.1,3741.6,1.17,2.19,1.49,1.08,0.57,0.58,1488.15,13221.1,0.85,52.35,9.489569317
Neuland Laboratories Ltd.,Mar-15,106.6,Mar-18,4564.4,3346.9,1.4,2.61,1.81,1.24,0.62,0.33,707.05,6281.61,-1.66,29.83,8.745381596
Neuland Laboratories Ltd.,Mar-16,139.3,Mar-19,5218.7,3700.3,1.26,2.22,1.64,1.28,0.63,0.37,674.35,8651.84,10,14.05,9.065527294
Novartis India Ltd.,Mar-10,1.7,Mar-13,13135.9,1551,2.75,5.91,5.91,1.04,0.78,0,598.8,19138.13,3.75,38.74,9.859437959
Novartis India Ltd.,Mar-11,2.7,Mar-14,12193.3,1467.6,3.14,6.58,6.58,3.32,2.99,0,444.45,14204.98,1.07,17.21,9.561347886
Novartis India Ltd.,Mar-12,2.2,Mar-15,12688.7,2232.3,3.99,6.43,6.42,5.81,5.48,0,562.5,17977.95,-0.57,20.21,9.796901286
Novartis India Ltd.,Mar-13,2.2,Mar-16,11163.3,3286.1,3.15,5.29,5.28,3.42,3.11,0,648.5,20726.58,1.57,22.1,9.939172214
Novartis India Ltd.,Mar-14,0,Mar-17,11079.7,4854.4,-1.06,-2.72,-2.72,2.19,2.07,0,676.25,19030.21,0.9,19.87,9.853782995
Novartis India Ltd.,Mar-15,0,Mar-18,9931.2,3716.6,0.83,2.33,2.33,2.56,2.39,0,612.3,15118.18,-0.11,12.29,9.623653272
Novartis India Ltd.,Mar-16,0,Mar-19,10015.6,4212.2,0.59,1.68,1.61,2.21,2.06,0.09,685.8,16932.95,0.13,-11.88,9.737016707
Panacea Biotec Ltd.,Mar-10,753,Mar-13,3195.5,8287.9,-18.04,-155.57,-24.45,0.38,0.16,5.84,124.85,7647.16,-0.52,-43.71,8.942089616
Panacea Biotec Ltd.,Mar-11,1041.4,Mar-14,3361.7,6935.5,-4.91,-56.69,-6.72,0.48,0.24,9.96,94.9,5812.7,2.98,-46.74,8.667800458
Panacea Biotec Ltd.,Mar-12,1048.7,Mar-15,5257.2,7060,-3.25,-48.83,-4.57,0.7,0.35,9.4,140.1,8581.23,14.18,-13.53,9.057332539
Panacea Biotec Ltd.,Mar-13,960.6,Mar-16,4720.2,6525.2,-3.28,-22.5,-4.77,0.67,0.33,2.3,92.8,5684.07,-0.7,-9.05,8.645422804
Panacea Biotec Ltd.,Mar-14,641.6,Mar-17,4225.2,7541.3,-6.56,-33.97,-9.97,0.48,0.24,2.54,160.7,9842.99,0.47,-10.46,9.194514806
Panacea Biotec Ltd.,Mar-15,468,Mar-18,9845.3,9894.9,-14.69,-72.2,-23.48,0.98,0.04,1.65,267.1,16360.07,-3.52,-12.5,9.702598889
Panacea Biotec Ltd.,Mar-16,609.9,Mar-19,9845.3,9894.9,-14.69,-72.2,-23.48,0.98,0.04,1.65,198.2,12139.9,-3.41,-30.99,9.404252827
Pfizer Ltd.,Mar-10,103.8,Mar-13,6931.6,2146,14.1,18.36,18.36,2.23,1.63,0,1060.1,31634.91,1.02,31.37,10.362016537
Pfizer Ltd.,Mar-11,61.2,Mar-14,12744.3,4147.8,5.01,6.91,6.91,2.02,1.32,0,1264.25,37727.04,2.73,72.37,10.538132358
Pfizer Ltd.,Mar-12,175.5,Mar-15,16556.4,6815.8,10.17,13.66,13.64,2.41,1.82,0,2230.35,102033.45,1.21,19.88,11.533055980
Pfizer Ltd.,Mar-13,147.6,Mar-16,20768.5,8027.1,6.46,8.75,8.74,2.62,2.16,0,1786.55,81730.61,0.14,61.74,11.311183874
Pfizer Ltd.,Mar-14,174,Mar-17,24405.6,9782.8,9.89,13.74,13.73,2.42,2.07,0,1892.45,86575.3,2.72,43.84,11.368769834
Pfizer Ltd.,Mar-15,205.4,Mar-18,27423,9173.2,10.07,13.87,13.86,2.86,2.4,0,2185.35,99974.81,1.98,69.47,11.512673533
Pfizer Ltd.,Mar-16,275,Mar-19,27423,9173.2,10.07,13.87,13.86,2.86,2.4,0,3320.6,151909.92,0.81,90.62,11.931042993
Piramal Enterprises Ltd.,Mar-10,429.7,Mar-13,38132.4,59845.6,-1.84,-3.88,-2.53,0.24,0.18,0.65,610.4,105332.52,2.36,-6.38,11.564877482
Piramal Enterprises Ltd.,Mar-11,1842.9,Mar-14,55377.9,31914.6,3.33,6.77,4.59,0.86,0.44,0.34,544.85,94021.01,1.38,-22.16,11.451273547
Piramal Enterprises Ltd.,Mar-12,2220.4,Mar-15,35359.7,88110.7,3.59,7.9,4.53,0.34,0.15,1.13,869,149957.33,0.5,40.37,11.918106066
Piramal Enterprises Ltd.,Mar-13,2279.8,Mar-16,40774,84603.2,2.02,4.84,2.47,0.46,0.3,0.8,1036.05,178784,1.64,53.75,12.093933652
Piramal Enterprises Ltd.,Mar-14,2017.3,Mar-17,50551.2,114729.6,1.58,3.93,1.91,0.4,0.35,1.29,1902.2,328249.53,1.61,34.9,12.701529360
Piramal Enterprises Ltd.,Mar-15,742.7,Mar-18,30050.6,138225.3,0.96,2.68,1.13,0.18,0.15,1.45,2440.5,439957.9,-0.63,12.76,12.994434319
Piramal Enterprises Ltd.,Mar-16,649.1,Mar-19,31556.9,96710.2,0.98,2.23,1.16,0.29,0.24,0.58,2754.7,508096.07,2.32,40.65,13.138425823
Procter & Gamble Health Ltd.,Mar-10,24.6,Mar-13,6044.1,799.5,5.2,11.13,11.13,2.53,1.86,0,632.45,10498.28,1.93,47.27,9.258966713
Procter & Gamble Health Ltd.,Mar-11,31,Mar-14,6267.3,1033.9,3.69,8.03,8.03,2.39,1.67,0,645.45,10714.07,-0.71,27.47,9.279313110
Procter & Gamble Health Ltd.,Mar-12,53.5,Mar-15,5724,1658,4.14,9.1,9.1,2.41,1.75,0,912,15138.64,1.84,29.72,9.625005695
Procter & Gamble Health Ltd.,Mar-13,89.8,Mar-16,7632.5,3135.7,6.42,13.8,13.8,2.45,1.84,0,642.75,10669.25,0.43,30.68,9.275121051
Procter & Gamble Health Ltd.,Mar-14,110.4,Mar-17,8844.9,3574.2,6.21,13.11,13.11,2.26,1.75,0,1041.05,17280.79,0.78,56.05,9.757350759
Procter & Gamble Health Ltd.,Mar-15,121,Mar-18,18909.5,5526.7,4.12,7.54,7.54,3.28,3.07,0,1504.65,24976.26,0.5,55.18,10.125681053
Procter & Gamble Health Ltd.,Mar-16,154.6,Mar-19,,,,,,,,,3673.65,60980.32,3.25,51.6,11.018306468
R P G Life Sciences Ltd.,Mar-10,43,Mar-13,925.8,558.9,-5.57,-11.89,-8.6,1.37,0.72,0.12,62,1025.18,0.32,-5.54,6.932623486
R P G Life Sciences Ltd.,Mar-11,57,Mar-14,889.3,644,-4.31,-7.5,-6.3,1.26,0.66,0.27,60.1,993.77,2.12,-7.26,6.901505792
R P G Life Sciences Ltd.,Mar-12,73.7,Mar-15,861,671.9,4.48,7.92,6.52,1.26,0.6,0.17,165.4,2735.07,1.66,-5.69,7.913912309
R P G Life Sciences Ltd.,Mar-13,75.5,Mar-16,988.9,811.7,4.73,8.3,6.7,1.19,0.57,0.3,222.4,3677.63,-0.36,6.2,8.210023802
R P G Life Sciences Ltd.,Mar-14,88.5,Mar-17,1437.4,1218.3,4.01,7.48,5.63,1.05,0.58,0.35,449.8,7439.25,-1.63,7.04,8.914525316
R P G Life Sciences Ltd.,Mar-15,88.5,Mar-18,988,795.3,3.67,6.65,5.16,1.09,0.52,0.23,382.6,6327.83,-3.91,1.79,8.752712644
R P G Life Sciences Ltd.,Mar-16,108.1,Mar-19,988,795.3,3.67,6.65,5.16,1.09,0.52,0.23,247.75,4097.54,-0.1,5.05,8.318142073
Sanofi India Ltd.,Mar-10,36.6,Mar-13,9490.9,2770.3,14.6,20.47,20.47,1.57,0.82,0,2581.85,59461.61,4.13,76.72,10.993086173
Sanofi India Ltd.,Mar-11,40.1,Mar-14,12635.3,4369,7.72,11.38,11.38,1.65,0.89,0,3001.85,69134.47,-1.04,115.57,11.143808728
Sanofi India Ltd.,Mar-12,23.6,Mar-15,12437.8,6169.5,8.23,12.43,12.43,1.99,1.17,0,3355,77267.74,1.7,68.23,11.255031812
Sanofi India Ltd.,Mar-13,42.7,Mar-16,15768,5036,12.28,17.59,17.59,2.41,1.4,0,3999.9,92120.18,-1.46,98.78,11.430849308
Sanofi India Ltd.,Mar-14,33.3,Mar-17,18060,9639,9.42,16.74,16.74,1.81,1.35,0,4715.3,108596.29,-0.8,124.23,11.595392524
Sanofi India Ltd.,Mar-15,54,Mar-18,21650,11963,8.32,17.99,17.99,1.75,1.33,0,5163.05,118908.25,0.23,142.12,11.686107466
Sanofi India Ltd.,Mar-16,82,Mar-19,31045,16786,9.61,20.83,20.83,1.79,1.41,0,5835.15,134387.13,1.16,165.78,11.808479944
Sequent Scientific Ltd.,Mar-10,52.3,Mar-13,2435.4,4078.5,-13.21,-97.17,-19.99,0.5,0.25,6.97,129.85,3120.97,11.27,-9.93,8.045899130
Sequent Scientific Ltd.,Mar-11,56.8,Mar-14,2447.8,4269.6,-2.47,-15.19,-3.51,0.48,0.29,2.17,190,5193.69,0.8,-28.38,8.555199706
Sequent Scientific Ltd.,Mar-12,65.8,Mar-15,3038.1,1122.4,1.06,1.72,1.28,1.94,1.29,0.05,511.6,15596.22,-0.62,-5.16,9.654783856
Sequent Scientific Ltd.,Mar-13,115.4,Mar-16,3966.2,1968.7,-1.4,-1.7,-1.59,1.53,1.09,0.09,146.4,34877.78,-0.61,0.4,10.459605229
Sequent Scientific Ltd.,Mar-14,96.9,Mar-17,1533,394.5,-0.38,-0.44,-0.42,4.18,3.55,0,128.85,31405.41,-0.08,-0.69,10.354735450
Sequent Scientific Ltd.,Mar-15,86.1,Mar-18,1005.9,921,0.61,0.68,0.67,0.95,0.6,0.05,77.4,18865.18,-4.27,0.07,9.845073174
Sequent Scientific Ltd.,Mar-16,124.5,Mar-19,1005.9,921,0.61,0.68,0.67,0.95,0.6,0.05,71.85,17737.68,-1.71,-0.54,9.783446469
Shilpa Medicare Ltd.,Mar-10,14.8,Mar-13,2243.6,1427,14.17,21.63,17.32,1.33,0.59,0.21,245.65,6024.36,-1.66,18.37,8.703566529
Shilpa Medicare Ltd.,Mar-11,87.1,Mar-14,2850.1,1514.5,11.9,17.22,14.55,1.75,0.99,0.16,412.75,15183.52,2.28,21.85,9.627965908
Shilpa Medicare Ltd.,Mar-12,161.8,Mar-15,3321.7,2054.4,13.44,18.78,16.34,1.53,0.88,0.14,991.75,38232.91,3.98,21.78,10.551451942
Shilpa Medicare Ltd.,Mar-13,217.6,Mar-16,7049.6,2203.5,10.84,15.54,13.01,3.15,2.26,0.23,428.1,33007.33,0.59,14.95,10.404484937
Shilpa Medicare Ltd.,Mar-14,267.9,Mar-17,6532.3,2510.6,8.64,12.16,10.19,2.52,1.71,0.16,635.8,50944.69,4.03,16.42,10.838495813
Shilpa Medicare Ltd.,Mar-15,211.1,Mar-18,5204,2295.7,7.52,10.16,8.81,2.22,1.34,0.15,465,37910.01,-3.6,17.76,10.542970472
Shilpa Medicare Ltd.,Mar-16,230.5,Mar-19,5204,2295.7,7.52,10.16,8.81,2.22,1.34,0.15,340.2,27735.45,-1.15,15.75,10.230466657
Strides Pharma Science Ltd.,Mar-10,152.5,Mar-13,23208.8,4864.4,115.83,233.24,170.42,1.29,1.2,0.29,871.75,51475.37,5.36,5.41,10.848858720
Strides Pharma Science Ltd.,Mar-11,171,Mar-14,13564.5,4546.7,15.22,35.06,27.33,2.07,1.8,0.27,387.25,23066.79,-1.09,470.26,10.046149200
Strides Pharma Science Ltd.,Mar-12,107,Mar-15,26651.3,12643.9,3.23,6.18,4.35,2.05,1.63,0.49,1178.5,70257.01,1.89,91.3,11.159915369
Strides Pharma Science Ltd.,Mar-13,380.7,Mar-16,25964.4,14514.4,2.66,4.57,3.05,1.76,1.43,0.51,1088.5,97253.1,4,16.03,11.485072138
Strides Pharma Science Ltd.,Mar-14,360.6,Mar-17,14824.9,11205.6,1.14,1.77,1.31,1.25,0.93,0.19,1096.85,98083.62,-0.64,16.32,11.493575659
Strides Pharma Science Ltd.,Mar-15,909,Mar-18,16728.3,13982.4,0.84,1.19,0.98,1.13,0.76,0.25,672.1,60152.97,-2.75,26.42,11.004646097
Strides Pharma Science Ltd.,Mar-16,79.2,Mar-19,16728.3,13982.4,0.84,1.19,0.98,1.13,0.76,0.25,471.65,42236.01,1.44,-6.71,10.651028454
Sun Pharma Advanced Research Co. Ltd.,Mar-10,649.8,Mar-13,1101.1,381.5,14.01,24.64,18.24,2.21,0.82,0.04,113.7,26913.3,1.02,-3.72,10.200375867
Sun Pharma Advanced Research Co. Ltd.,Mar-11,989.2,Mar-14,629.4,363.9,-21.25,-33.36,-32.09,0.79,0.74,0.04,145.8,34511.51,-1.25,1.28,10.449048171
Sun Pharma Advanced Research Co. Ltd.,Mar-12,1040.4,Mar-15,,,-39.52,-108.07,-73.53,0.17,0.12,1.88,491.9,116434.92,0.55,-1.68,11.665087769
Sun Pharma Advanced Research Co. Ltd.,Mar-13,1335.4,Mar-16,1582.8,1080.3,-48.83,-126.33,-95.93,1.13,1.11,0.02,287.95,71092.39,-1.13,-2.83,11.171735578
Sun Pharma Advanced Research Co. Ltd.,Mar-14,1908.3,Mar-17,1752.3,1161.1,-78.43,-143.47,-141.23,1.1,1.08,0.01,316.7,78191.96,-0.2,-4.81,11.266922108
Sun Pharma Advanced Research Co. Ltd.,Mar-15,,Mar-18,2573.8,950.5,-38.61,-59.6,-59.12,2.38,2.33,0.01,378.35,94941.79,-2.79,-9.21,11.461019246
Sun Pharma Advanced Research Co. Ltd.,Mar-16,3037.2,Mar-19,2573.8,950.5,-38.61,-59.6,-59.12,2.38,2.33,0.01,192,50313.12,-1.26,-6.97,10.826021157
Sun Pharmaceutical Inds. Ltd.,Mar-10,1572.8,Mar-13,57133.5,35454.4,0.4,0.63,0.54,1.29,1.06,0.33,818.35,847468.49,-0.46,14.53,13.650008938
Sun Pharmaceutical Inds. Ltd.,Mar-11,1831.9,Mar-14,54969.8,89853.9,-5.51,-9.78,-7.49,0.44,0.24,0.3,573.35,1187501.83,1.75,0.23,13.987362356
Sun Pharmaceutical Inds. Ltd.,Mar-12,2725,Mar-15,54467.1,87577.5,-2.72,-4.55,-3.55,0.54,0.28,0.27,1022.25,2117247.31,1.14,-7.13,14.565627364
Sun Pharmaceutical Inds. Ltd.,Mar-13,3752.3,Mar-16,66029.3,111773.9,-0.73,-1.21,-0.95,0.52,0.29,0.29,819.45,1972193.67,0.97,-4.23,14.494657019
Sun Pharmaceutical Inds. Ltd.,Mar-14,8302.9,Mar-17,97660.9,127493,2.79,4.78,3.68,0.67,0.47,0.31,687.7,1649992.55,0.08,-1.08,14.316281331
Sun Pharmaceutical Inds. Ltd.,Mar-15,7750.2,Mar-18,113419.3,134439.9,4.74,8.21,6.34,0.73,0.5,0.28,495.4,1188624.7,-1.95,1.75,13.988307482
Sun Pharmaceutical Inds. Ltd.,Mar-16,9038.4,Mar-19,113419.3,134439.9,4.74,8.21,6.34,0.73,0.5,0.28,479.25,1149881.28,0.74,5.9,13.955169260
Suven Life Sciences Ltd.,Mar-10,311.4,Mar-13,2805.8,1169.8,34.23,68.83,46.02,1.52,1,0.34,22.9,2675.38,1.33,2.71,7.891846705
Suven Life Sciences Ltd.,Mar-11,330.5,Mar-14,4770,1145.6,17.54,26.99,21.71,3.49,2.85,0.2,71.9,8399.99,1.34,12.34,9.035985794
Suven Life Sciences Ltd.,Mar-12,346.9,Mar-15,5269.6,2047.1,11.93,17.05,14.67,2.38,1.97,0.13,288.3,36695.54,-1.03,8.68,10.510410501
Suven Life Sciences Ltd.,Mar-13,479.5,Mar-16,5766.3,2039.8,12.81,18.21,16.36,2.69,2.21,0.1,192.8,24540.06,-1.25,7.89,10.108062163
Suven Life Sciences Ltd.,Mar-14,559.6,Mar-17,6669.5,2218.5,14.53,19.69,18.48,2.8,2.13,0.04,165.65,21084.34,-0.33,9.69,9.956285864
Suven Life Sciences Ltd.,Mar-15,621.7,Mar-18,7733.1,2728.3,12.03,16.1,15.5,2.61,2.02,0.04,167.8,21358,-3.29,10.68,9.969181656
Suven Life Sciences Ltd.,Mar-16,649.4,Mar-19,7733.1,2728.3,12.03,16.1,15.5,2.61,2.02,0.04,260.9,33208,-0.44,8.51,10.410546090
Torrent Pharmaceuticals Ltd.,Mar-10,1385.7,Mar-13,26985.1,10277.5,18.76,36.98,25.15,2.3,1.65,0.5,695.25,58826.05,0.36,63.43,10.982340063
Torrent Pharmaceuticals Ltd.,Mar-11,1334.3,Mar-14,27414.8,11439.4,11.22,24.57,14.17,2.07,1.41,0.94,523.65,88613.48,-1.34,43.06,11.392039269
Torrent Pharmaceuticals Ltd.,Mar-12,1263,Mar-15,31543,15184.5,24.38,53.12,30.38,2,1.31,0.61,1160.85,196442.19,1.37,36.27,12.188123469
Torrent Pharmaceuticals Ltd.,Mar-13,1454.7,Mar-16,36218.1,12307.4,10.77,20.93,13.25,2.96,2.01,0.55,1339.7,226707.68,-1.45,100.66,12.331416713
Torrent Pharmaceuticals Ltd.,Mar-14,1658.7,Mar-17,37265,30749.1,4.6,10.7,5.56,1.13,0.67,1.29,1549.25,262168.3,4.08,50.48,12.476741943
Torrent Pharmaceuticals Ltd.,Mar-15,2181.3,Mar-18,37677.7,31066.4,5.87,15.58,7.08,1.16,0.69,1.12,1247.9,211173.03,-0.97,22.23,12.260433124
Torrent Pharmaceuticals Ltd.,Mar-16,3728.8,Mar-19,38571.1,34253.3,7.29,18.52,8.89,1.07,0.6,1.04,1952.2,330356.59,0.89,47.34,12.707927926
Unichem Laboratories Ltd.,Mar-10,405.3,Mar-13,5691.2,1814.7,10.04,13.82,13.57,2.26,1.21,0,172.85,15635.4,1.47,13.46,9.657292853
Unichem Laboratories Ltd.,Mar-11,397,Mar-14,5506.2,1789.6,5.19,6.9,6.9,2.38,1.35,0,229.25,20783.25,2.05,13.1,9.941902653
Unichem Laboratories Ltd.,Mar-12,376.8,Mar-15,6359.4,2895.6,9.57,12.82,12.76,1.98,1.21,0.01,203.6,18480.51,2.23,7.04,9.824471942
Unichem Laboratories Ltd.,Mar-13,538.5,Mar-16,6950.6,3096.1,-4.25,-5.81,-5.79,1.96,1.07,0,221.95,20162.65,0.25,13.92,9.911587162
Unichem Laboratories Ltd.,Mar-14,464.2,Mar-17,22258.7,3096.9,-5.32,-6.42,-6.42,7,6.25,0,286.25,26013.41,0.12,-6.9,10.166367453
Unichem Laboratories Ltd.,Mar-15,489.5,Mar-18,18598.6,2782.7,0.57,0.65,0.65,6.14,5.03,0,286.1,20123.42,-1.4,339.27,9.909639590
Unichem Laboratories Ltd.,Mar-16,692,Mar-19,18598.6,2782.7,0.57,0.65,0.65,6.14,5.03,0,194.6,13696.58,-1.39,-378.6,9.524901446
Vivimed Labs Ltd.,Mar-10,122.2,Mar-13,5630.3,3906.8,2.47,7.41,2.96,0.95,0.48,1.7,280.2,4500.27,-0.34,24.05,8.411892674
Vivimed Labs Ltd.,Mar-11,213.7,Mar-14,6328.8,4384.7,1.51,5.07,1.82,1.07,0.53,1.87,177,2868.07,2.67,16.43,7.961394609
Vivimed Labs Ltd.,Mar-12,121,Mar-15,6328.86,4565,0.61,2.18,0.79,1.24,0.54,1.62,367.6,5956.51,1.55,11.69,8.692240018
Vivimed Labs Ltd.,Mar-13,138.5,Mar-16,7833.3,5051.3,9.4,28.34,12.26,1.23,0.51,1.09,415.7,6735.91,-0.36,4.99,8.815208195
Vivimed Labs Ltd.,Mar-14,110.6,Mar-17,6586.1,4023.8,0.78,1.88,0.95,1.46,0.47,0.84,106.45,8624.46,2.75,15.59,9.062357631
Vivimed Labs Ltd.,Mar-15,110.6,Mar-18,6254.5,3418.3,0.53,1.16,0.67,1.6,0.45,0.65,71.05,5863.32,-3.33,10.66,8.676471275
Vivimed Labs Ltd.,Mar-16,711.7,Mar-19,6254.5,3418.3,0.53,1.16,0.67,1.6,0.45,0.65,23.4,1931.06,1.96,1.02,7.565824354